edgeID,from,to,networkCanvasEgoUUID,networkCanvasUUID,networkCanvasSourceUUID,networkCanvasTargetUUID
1,3,14,4edf696e-d47b-481e-8cef-5ef7ffd7b369,60ed6fb4-1dac-4c5e-86c1-f6400f6f58d7,d0eabdde-09b9-4e12-9586-33fbb76ce4b9,878b0b4f-34b5-44a2-b22f-3714a23e1bf2
2,12,9,4edf696e-d47b-481e-8cef-5ef7ffd7b369,d8e7518d-f91c-4694-84b0-b92ff1e98bf6,51eb4cf3-989d-4b4b-923e-36a25b51b7d8,4ac89a13-a942-454d-8ef5-0f65951113e5
3,6,15,4edf696e-d47b-481e-8cef-5ef7ffd7b369,015f7d2a-e041-42b2-91a7-2c3e0a41e233,127fb050-6e41-4d04-b8de-81b01ef8f80c,0d482cee-39af-4341-b4cc-6e5385645b83
4,6,3,4edf696e-d47b-481e-8cef-5ef7ffd7b369,d69fdc9b-bc2a-4f53-ac0b-4a044d8b59f8,127fb050-6e41-4d04-b8de-81b01ef8f80c,d0eabdde-09b9-4e12-9586-33fbb76ce4b9
5,18,4,4edf696e-d47b-481e-8cef-5ef7ffd7b369,5569cccd-9801-4689-84bb-3106969e155b,67af80aa-04c6-4c59-b53b-3f9332d766bd,5a23e23c-17d0-4854-afd9-0b2de350b277
6,4,17,4edf696e-d47b-481e-8cef-5ef7ffd7b369,8f9176c1-b55b-4c7c-8491-85632eaa1960,5a23e23c-17d0-4854-afd9-0b2de350b277,eb8ae91e-d42c-4d7a-abb4-cc9338f720ec
